{
  "schemaVersion": "cursor-prediction-v25-step-05-central-residual-analysis/1",
  "generatedAtUtc": "2026-05-05T05:38:41Z",
  "config": {
    "rowsPerPackage": 2400,
    "centralBuckets": [
      -8.0,
      -4.0,
      0.0,
      4.0,
      8.0
    ],
    "runtime": "bundled Python + NumPy, CPU-only"
  },
  "dataset": {
    "testRows": 40800,
    "centralRows": 12000,
    "packageCounts": {
      "m191827": {
        "runtimeRowsVisited": 2759,
        "selectedRows": 2400,
        "validLabels": 40800,
        "leastSquaresValid": 9500
      },
      "m192020": {
        "runtimeRowsVisited": 2757,
        "selectedRows": 2400,
        "validLabels": 40800,
        "leastSquaresValid": 6847
      },
      "m192107": {
        "runtimeRowsVisited": 2758,
        "selectedRows": 2400,
        "validLabels": 40800,
        "leastSquaresValid": 8715
      },
      "m193433": {
        "runtimeRowsVisited": 3029,
        "selectedRows": 2400,
        "validLabels": 40800,
        "leastSquaresValid": 9535
      },
      "m193508": {
        "runtimeRowsVisited": 3209,
        "selectedRows": 2400,
        "validLabels": 40800,
        "leastSquaresValid": 10434
      },
      "m194149": {
        "runtimeRowsVisited": 3929,
        "selectedRows": 2400,
        "validLabels": 40800,
        "leastSquaresValid": 9794
      },
      "m194623": {
        "runtimeRowsVisited": 2850,
        "selectedRows": 2400,
        "validLabels": 40800,
        "leastSquaresValid": 8684
      },
      "m194657": {
        "runtimeRowsVisited": 3210,
        "selectedRows": 2400,
        "validLabels": 40800,
        "leastSquaresValid": 10125
      },
      "m195438": {
        "runtimeRowsVisited": 3930,
        "selectedRows": 2400,
        "validLabels": 40800,
        "leastSquaresValid": 10296
      },
      "m195750": {
        "runtimeRowsVisited": 3030,
        "selectedRows": 2400,
        "validLabels": 40800,
        "leastSquaresValid": 10219
      }
    }
  },
  "centralCandidates": {
    "hold": {
      "rows": 12000,
      "visualMean": 2.224083558567908,
      "visualP95": 6.3131722612329115,
      "visualP99": 17.26267650163207,
      "leadP95": 0.0,
      "leadP99": 0.0,
      "lagP95": 6.3131722612329115,
      "lagP99": 17.26267650163207,
      "labelDistanceP95": 6.3131722612329115,
      "labelDistanceP99": 17.26267650163207,
      "horizonP50": 10.0,
      "horizonP95": 10.0,
      "speed2P50": 169.15418484213524,
      "speed2P95": 648.8932169097395,
      "recentHighP95": 968.7884821315113
    },
    "cv2": {
      "rows": 12000,
      "visualMean": 0.9932592407661354,
      "visualP95": 2.395489082709845,
      "visualP99": 6.391240838700402,
      "leadP95": 1.2008140607222333,
      "leadP99": 2.4210112970459057,
      "lagP95": 2.0,
      "lagP99": 5.746955420229785,
      "labelDistanceP95": 6.3131722612329115,
      "labelDistanceP99": 17.26267650163207,
      "horizonP50": 10.0,
      "horizonP95": 10.0,
      "speed2P50": 169.15418484213524,
      "speed2P95": 648.8932169097395,
      "recentHighP95": 968.7884821315113
    },
    "cv12": {
      "rows": 12000,
      "visualMean": 1.1926961935130138,
      "visualP95": 4.126833265187915,
      "visualP99": 12.936236487344308,
      "leadP95": 1.0288500340002205,
      "leadP99": 2.8706230612812886,
      "lagP95": 3.5006667301867127,
      "lagP99": 11.862127490663624,
      "labelDistanceP95": 6.3131722612329115,
      "labelDistanceP99": 17.26267650163207,
      "horizonP50": 10.0,
      "horizonP95": 10.0,
      "speed2P50": 169.15418484213524,
      "speed2P95": 648.8932169097395,
      "recentHighP95": 968.7884821315113
    },
    "current_smooth_predictor": {
      "rows": 12000,
      "visualMean": 2.2968296693675887,
      "visualP95": 6.422173261239024,
      "visualP99": 17.68218441372939,
      "leadP95": 0.0,
      "leadP99": 0.1362235679955061,
      "lagP95": 6.422063477007517,
      "lagP99": 17.681626832000465,
      "labelDistanceP95": 6.3131722612329115,
      "labelDistanceP99": 17.26267650163207,
      "horizonP50": 10.0,
      "horizonP95": 10.0,
      "speed2P50": 169.15418484213524,
      "speed2P95": 648.8932169097395,
      "recentHighP95": 968.7884821315113
    },
    "oracle_best_hold_cv2_cv12_smooth": {
      "rows": 12000,
      "visualMean": 0.7362548277714879,
      "visualP95": 2.01439467585847,
      "visualP99": 6.086140230181791,
      "leadP95": 0.42305703051885657,
      "leadP99": 1.1610902491266164,
      "lagP95": 1.8498122021308006,
      "lagP99": 5.788960914773057,
      "labelDistanceP95": 6.3131722612329115,
      "labelDistanceP99": 17.26267650163207,
      "horizonP50": 10.0,
      "horizonP95": 10.0,
      "speed2P50": 169.15418484213524,
      "speed2P95": 648.8932169097395,
      "recentHighP95": 968.7884821315113
    }
  },
  "cv2ByBucket": {
    "-32.0": {
      "rows": 2400,
      "visualMean": 0.19899349630653682,
      "visualP95": 0.95900000000006,
      "visualP99": 2.081779287052394,
      "leadP95": 0.0,
      "leadP99": 0.0,
      "lagP95": 0.95900000000006,
      "lagP99": 2.0817792870523935,
      "labelDistanceP95": 0.95900000000006,
      "labelDistanceP99": 2.081779287052394,
      "horizonP50": 0.0,
      "horizonP95": 0.0,
      "speed2P50": 169.15418484213524,
      "speed2P95": 648.8932169097395,
      "recentHighP95": 968.7884821315113
    },
    "-28.0": {
      "rows": 2400,
      "visualMean": 0.19899349630653682,
      "visualP95": 0.95900000000006,
      "visualP99": 2.081779287052394,
      "leadP95": 0.0,
      "leadP99": 0.0,
      "lagP95": 0.95900000000006,
      "lagP99": 2.0817792870523935,
      "labelDistanceP95": 0.95900000000006,
      "labelDistanceP99": 2.081779287052394,
      "horizonP50": 0.0,
      "horizonP95": 0.0,
      "speed2P50": 169.15418484213524,
      "speed2P95": 648.8932169097395,
      "recentHighP95": 968.7884821315113
    },
    "-24.0": {
      "rows": 2400,
      "visualMean": 0.19899349630653682,
      "visualP95": 0.95900000000006,
      "visualP99": 2.081779287052394,
      "leadP95": 0.0,
      "leadP99": 0.0,
      "lagP95": 0.95900000000006,
      "lagP99": 2.0817792870523935,
      "labelDistanceP95": 0.95900000000006,
      "labelDistanceP99": 2.081779287052394,
      "horizonP50": 0.0,
      "horizonP95": 0.0,
      "speed2P50": 169.15418484213524,
      "speed2P95": 648.8932169097395,
      "recentHighP95": 968.7884821315113
    },
    "-20.0": {
      "rows": 2400,
      "visualMean": 0.19899349630653682,
      "visualP95": 0.95900000000006,
      "visualP99": 2.081779287052394,
      "leadP95": 0.0,
      "leadP99": 0.0,
      "lagP95": 0.95900000000006,
      "lagP99": 2.0817792870523935,
      "labelDistanceP95": 0.95900000000006,
      "labelDistanceP99": 2.081779287052394,
      "horizonP50": 0.0,
      "horizonP95": 0.0,
      "speed2P50": 169.15418484213524,
      "speed2P95": 648.8932169097395,
      "recentHighP95": 968.7884821315113
    },
    "-16.0": {
      "rows": 2400,
      "visualMean": 0.19899349630653682,
      "visualP95": 0.95900000000006,
      "visualP99": 2.081779287052394,
      "leadP95": 0.0,
      "leadP99": 0.0,
      "lagP95": 0.95900000000006,
      "lagP99": 2.0817792870523935,
      "labelDistanceP95": 0.95900000000006,
      "labelDistanceP99": 2.081779287052394,
      "horizonP50": 0.0,
      "horizonP95": 0.0,
      "speed2P50": 169.15418484213524,
      "speed2P95": 648.8932169097395,
      "recentHighP95": 968.7884821315113
    },
    "-12.0": {
      "rows": 2400,
      "visualMean": 0.19899349630653682,
      "visualP95": 0.95900000000006,
      "visualP99": 2.081779287052394,
      "leadP95": 0.0,
      "leadP99": 0.0,
      "lagP95": 0.95900000000006,